{
  "bf16": {
    "ppl": 13.84034700047291,
    "loss": 2.627588022163724
  },
  "FP8": {
    "ppl": 13.8299344688293,
    "loss": 2.626835407330611
  },
  "4-bit (4.0b)": {
    "ppl": 14.12921995163181,
    "loss": 2.6482449900509786
  },
  "Had+PC+Ternary (1.585b)": {
    "ppl": 15.05173792881645,
    "loss": 2.7114934615257003
  },
  "PC+Ternary (1.585b)": {
    "ppl": 14.993228789356118,
    "loss": 2.707598685141293
  },
  "Quinary (2.322b)": {
    "ppl": 14.649688288599153,
    "loss": 2.684419058007986
  },
  "Ternary (1.585b)": {
    "ppl": 15.484982662134577,
    "loss": 2.739870693769039
  },
  "PC+Quinary (2.322b)": {
    "ppl": 14.0803126291047,
    "loss": 2.644777554255037
  },
  "PC+S+Quinary (2.322b)": {
    "ppl": 14.155087047633774,
    "loss": 2.650074068148188
  },
  "PC+Septenary (2.807b)": {
    "ppl": 13.872721754225957,
    "loss": 2.6299244482569235
  }
}